feature_1,feature_2,feature_3,feature_4,feature_5,target
0.30471707975443135,-1.0399841062404955,0.7504511958064572,0.9405647163912139,-1.9510351886538364,-0.10631540455082347
-1.302179506862318,0.12784040316728537,-0.3162425923435822,-0.016801157504288795,-0.85304392757358,0.25401307111036975
0.8793979748628286,0.7777919354289483,0.06603069756121605,1.1272412069680329,0.4675093422520456,1.6301294791827365
-0.8592924628832382,0.36875078408249884,-0.9588826008289989,0.8784503013072725,-0.049925910986252896,-0.8550015084695419
-0.18486236354526056,-0.6809295444039414,1.2225413386740303,-0.15452948206880215,-0.4283278221631072,0.07162461537397183
-0.3521335504882296,0.5323091855533487,0.36544406436407834,0.4127326115959884,0.43082100300788273,-0.5186904602962727
2.1416476008704612,-0.4064150163846156,-0.5122427290715373,-0.8137727282478777,0.6159794225754956,0.8283869427974452
1.1289722927208916,-0.11394745765487507,-0.840156476962528,-0.8244812156912396,0.6505927878247011,0.32069257934263057
0.7432541712034423,0.543154268305195,-0.6655097072886943,0.23216132306671977,0.11668580914072822,0.6986224619349031
0.21868859672901295,0.8714287779481898,0.22359554877468227,0.6789135630718949,0.06757906948889146,1.3649195227014022
0.28911939868998415,0.6312882258385404,-1.4571558198556664,-0.31967121635730134,-0.4703726542927955,0.2854413764503651
-0.6388778482433419,-0.27514225122668373,1.4949413112343959,-0.8658311156932432,0.9682783545914808,-0.07671279817656629
-1.6828697716158048,-0.33488502998577485,0.1627530651050056,0.5862223313592781,0.711226579792855,-1.7632299471662791
0.7933472351999252,-0.3487250722484376,-0.46235179266456716,0.8579758812571538,-0.1913043248816149,0.8494809312315815
-1.2756863233379219,-1.1332872140034806,-0.9194522860016113,0.49716074405376404,0.14242573607056525,-1.1823602538935862
0.6904853540677682,-0.42725264633653426,0.15853969107671423,0.6255903939673367,-0.3093465397202384,-0.031605517876367284
0.45677523755741145,-0.6619259410666513,-0.3630538465650718,-0.3817378939983291,-1.1958396455890397,-0.6346776690006447
0.4869724807855818,-0.46940234020272387,0.01249411872768743,0.48074665890590895,0.4465311760299441,0.7843420376375454
0.6653851089727862,-0.09848548450942361,-0.42329831204415375,-0.07971821090639905,-1.6873344339580298,0.3417651676258999
-1.4471124724230873,-1.3226996123544024,-0.9972468276014818,0.3997742267234366,-0.9054790553600608,-1.5057845499777587
-0.3781625540393897,1.2992282977860654,-0.35626397106142593,0.7375155684670865,-0.933617680009877,0.4757279279369406
-0.20543755786763002,-0.9500220549105812,-0.3390330759005625,0.8403081374573955,-1.7273204231923487,0.13105408508029837
0.43442364354585733,0.2377356023322779,-0.5941499556967944,-1.4460578543884546,0.07212950771386951,0.05611686154924611
-0.5294927090638024,0.23267621135470395,0.02185214552344288,1.6017788913209154,-0.23935562747302427,0.22750572680732306
-1.023497492621865,0.17927563495631615,0.21999668397176517,1.3591875752404365,0.8351112459145785,0.38507515806916853
0.35687105914950934,1.4633028912195618,-1.188763054322851,-0.6397515327497477,-0.9265759414055249,0.6236627198511198
-0.38980980315576796,-1.3766861475563088,0.6351509468144043,-0.22222269709877338,-1.4708062945026579,-1.3881232732255326
-1.0155790812075416,0.3135138474501953,0.8381265678943811,1.9967308916917865,2.9138624660073296,-0.3701141453950978
0.4144094332759964,-0.9895381200318641,-2.132046280731309,0.2677114623438358,-0.812941095310326,-0.7558167672776853
-0.41535726017968533,-0.6120967990598081,-0.14079088641638526,1.0659802307876436,0.15704856744534462,-1.3715571436475544
-0.1586348370386883,-1.0356537528258116,-1.674682944704357,-0.4863079090733309,-0.05378255081832049,-1.195482993091051
1.767929913579883,0.13027452147288585,0.9827395110230576,-0.49929559853915206,-1.1849437664170246,1.5457194929013234
-0.9651167622323719,-0.7252260645357532,2.1284697324351645,-0.8213866792243861,0.838489203736345,-0.14817471072824073
-0.9029271780870264,0.9315730128742441,0.38495096610586316,-0.1566378976580904,-0.040762526135434025,-1.1526943734639048
-0.6547876954293904,0.44607220148208054,-0.45498348034078,-1.2256057637672482,-1.2779375743196193,-0.8841863961973768
0.17258791772211948,1.579091256410435,0.15999161357343825,-0.11863832610988256,0.2858261396025429,0.36914898063942314
1.3060017417068248,0.21938250136385634,-0.41092723083373717,1.1062887100598888,0.4287564384616135,0.77963333750585
1.535755991995992,0.18323443722190613,-1.2244690317205003,-1.368159199245665,1.6509279322312496,0.5726800225259644
1.723665720783297,-0.17951921328260065,-0.38318732113598775,1.4614442922422022,-1.107045682043488,1.3784414100006124
-0.8947270189558264,0.6433267946890444,-0.3946051228595896,-0.005121866720071296,-0.16344289852451258,-0.5076239422049266
0.33757454879893356,1.4074818613137168,0.09058490690174555,0.6439387932768579,-2.0501721010310225,1.48820392998344
-0.04871840193011795,-0.8432302702928711,-1.218813060423628,-0.8781523669287508,-0.33412344070081207,-1.086711613019712
0.9159025423560131,-1.326392717739564,0.030631492594417446,-0.4841694333335785,-0.32767309436196085,-0.7523942514800811
1.0027578253046041,0.5381154370039261,1.3373981074427437,-0.15450567924990047,-0.695942611670703,2.003814787434929
-0.22385881688049952,0.2424967912712216,0.17657335845371103,-1.0843880722333665,0.09048978162787422,0.16114213001028357
0.22822833013890514,2.5174740375339204,1.8768446112816701,-0.8532433505588201,-0.2873833615491761,2.6031754417066306
-1.4634420018370031,-0.5907070139634865,0.3156050035903405,1.2058536208882336,-0.7290838377436085,-0.8330616035075371
-0.6541464400677965,-2.147289029738655,-0.16266592054490767,-1.062414411859563,-0.5294394273660737,-2.0360749790652504
-0.8768607781675882,-0.09426255425255699,-1.7577283913566313,-1.4670452453909906,2.129247112028298,-0.840512837432847
-1.287422581274031,-1.0967855784546396,1.836913528321314,2.905067169240407,-1.1715666288253417,-0.44065340897730326
-0.36824895678803055,0.34155555094050954,1.7286976444055924,-0.9868570784282374,-0.24527784594210975,0.23532108601448415
0.777337576061744,0.43476607446661863,-0.37615607123009925,-0.13382296451604114,-1.3748958083699818,0.48625101659593967
-0.23817374397466523,-0.2663874900089551,0.23216988962625595,-0.555327218819016,0.471538522545139,-0.9529918322166842
1.0127158178198286,0.15542932766846604,0.35175640839920347,0.053155347577867364,8.439309141418043e-05,0.40176371175302084
-0.7215580335428474,0.316494261673308,-0.09728659841348947,2.093168308930595,1.5733549024752425,-0.5503197666353745
0.3858465525565008,-0.7630572096947675,-1.112411471983418,1.191142953088865,0.2627492251471385,-0.43822552793307035
0.4801434033916108,-1.7445859869741926,0.9274384815581808,0.45442033821436295,-1.110430684414478,-0.12236280383891879
-0.47152480744994896,0.2637172043565196,0.05246679835624363,-0.292171185803555,-0.10348826806596086,-0.18972626948918325
-0.25197737820688537,0.15256251210246857,1.471491972993157,-2.5666584409312976,-0.23685026450968424,-0.4399309439706809
0.17651242137244696,0.2959939896870995,-0.37191458132128985,-1.7567217824785826,0.32799548371410964,0.2741093810928342
1.727350214164185,-1.5338614049161376,0.8638280136981883,-0.3285252231228939,-0.0613243458288473,0.9107757460775645
-1.052898510703949,-0.33445617235587666,1.3000445946989585,0.582655241987707,1.732311605409944,-0.7023346275134577
1.1774118889776937,0.4390866789295762,1.743934526167792,0.43899315873829875,0.8279881767970589,1.5132454264052706
-0.29657095353470836,0.06654581585920483,-0.6974238233002769,0.989583934594853,-1.1783036231148656,0.1487563030183606
0.7823503424176613,-0.19065105750515945,1.1712470934673194,0.7508689887312598,1.8206461576468016,0.9668414958291128
0.7307746911386448,-1.5720402556532407,-0.06695317289820084,-1.172007192594816,-0.5182798423662747,-1.4363203054077647
1.5112284332767216,0.637533810897696,-0.6989304285787463,-1.013717366440399,0.03278209287626079,1.1125811607064315
-1.2165601493811278,-0.6711402773965811,0.31200947155124387,1.1553120361066962,0.6087614722244398,-0.9798010272845579
-2.2912895085981,0.3043667290302598,0.07203357323257792,0.41389028537269307,1.6162096816512073,-2.055749456705138
-2.063238276804743,-0.5911034251911056,0.5909063227933546,-1.5815943994539423,1.475949048053509,-2.1431001788310082
0.3683566127006584,0.846583985843404,-0.5709436615217945,0.8137636899662105,1.0684715559890383,-0.008130726473002503
0.23287802013716835,0.23440089269869593,0.2703432392817259,-0.8633452647393817,-0.14752868024035293,0.9449614233483901
-0.1525225324523588,0.3833938643534951,0.9998242469102946,-1.0585360819784093,-0.12500903031957764,0.9229266103505881
1.4814555476589732,-0.7435882288125641,-0.8222500172903203,0.20230619183119358,0.8443851904853201,0.18275065194679757
0.01142605556065933,1.3289605904369892,0.8567939825665268,0.8418200668900618,0.5541165013240933,1.5145399444659606
2.327653100346085,-0.2051616888660442,-2.003522292066514,1.604254361517141,-0.45769943095682564,0.10358116420633756
0.10788044434303304,1.309550684860527,-1.6022595410589253,-1.2516472141061394,-1.6012779371188537,-0.2770791866921239
-0.7941362900254239,0.43963660601699356,0.524187842812771,0.27627417932855375,-1.4127658838923665,-0.08901061312160724
-2.310103436632644,0.054353585390382264,-0.47177603363833576,0.45938577171661177,0.7019536262212701,-2.4259124056866277
0.13824143205868192,0.7601330853758538,0.22921137411506842,0.5300647056014667,-0.7046732628698824,1.2330247272821002
-0.17961141383145854,0.19677609665695725,0.8205284754174188,-0.3937411722245721,0.5211672557321126,1.1586906617204957
-0.265838791915379,-0.11754216732813036,0.829519042024073,-1.993060371054156,-1.296472328074761,-0.8553251328237461
-1.4821853974428207,-2.3336161198483047,-0.6782644401551767,0.7494338997277404,-0.28488406638257474,-3.2142891484691636
0.19779008194185213,1.0892174967107926,1.3276861322676916,-0.06913793472613955,1.3535858895693973,1.3434352612209979
0.09212665843410921,-0.8373982238274621,-0.5944003521987352,-1.4805365125650163,-0.8881338537336524,-0.11639492606713342
-0.35801668807442916,0.8035850193786016,1.7207698311659838,-1.38218151537704,0.39282746825991893,-0.04165588483390825
-1.0405439391575344,0.47469708846320197,-0.1310866506877266,-1.8309058258475304,0.9282969915684843,-0.8554378044867947
-0.605000712808731,-0.5339002383735546,-1.06975241128969,-0.6542832766875555,0.4278904406949172,-0.4706420835189119
-0.18924434093640552,0.32866200228248105,0.3619218539288437,1.320661655528167,-0.3427861508643793,-0.32474902659194593
-1.4768578168457318,1.067222416571983,-0.3314881720972547,1.114592444577377,0.3833771131824704,-0.9884278979131675
-0.13113753020334493,0.3487758940462951,1.9510125601262995,2.076980529053753,0.0693811351327787,1.0263625202936948
0.1601905933170753,1.0762401574663856,-0.8456610327673472,0.3330703726182551,-0.0258628479538564,0.362010434015523
0.3139082114575536,-0.8333688059494058,-1.589567493308969,-2.0729834359912918,-1.1173841129896078,-0.7928065930320535
-0.458675284939333,-0.2931915866487618,1.9372311624295169,1.1059933699072981,-0.9620911163416273,0.5671747056388299
0.34770845245095694,-0.4070782363503251,-0.28436383804009513,0.18532564941538202,0.6191711169753933,-1.017018017280287
-0.33925848388401536,1.0638515327343585,-1.141938226142404,0.006339062362268442,2.5976737265958323,0.07120719273852
0.2230797426252751,1.4332145066061728,0.09152017817320818,0.5807770953297967,-0.056783194392691534,1.0105569210286938
-0.17040758116420443,-0.7794823967254196,0.4303013589575532,-0.8515371891857679,0.6655852363134291,-0.10224583311220214
1.08528700444591,0.36653140723722993,-0.28624873355569186,0.4539655793086961,-0.3086730555464126,0.7910835314153283
0.9355471254651493,-1.8314060842151236,-0.3356073681186462,-1.9908119951239978,-1.495060830227205,-1.21671204122192
